Recall	Precision
5.138746145940391E-4	1.0
0.0010277492291880781	1.0
0.001541623843782117	1.0
0.0020554984583761563	1.0
0.0025693730729701952	1.0
0.003083247687564234	1.0
0.0035971223021582736	1.0
0.0041109969167523125	1.0
0.0046248715313463515	1.0
0.0051387461459403904	1.0
0.0051387461459403904	0.9090909090909091
0.005652620760534429	0.9166666666666666
0.005652620760534429	0.8461538461538461
0.005652620760534429	0.7857142857142857
0.006166495375128468	0.8
0.006680369989722507	0.8125
0.006680369989722507	0.7647058823529411
0.006680369989722507	0.7222222222222222
0.006680369989722507	0.6842105263157895
0.006680369989722507	0.65
0.006680369989722507	0.6190476190476191
0.006680369989722507	0.5909090909090909
0.006680369989722507	0.5652173913043478
0.006680369989722507	0.5416666666666666
0.006680369989722507	0.52
0.006680369989722507	0.5
0.006680369989722507	0.48148148148148145
0.007194244604316547	0.5
0.007194244604316547	0.4827586206896552
0.007194244604316547	0.4666666666666667
0.007194244604316547	0.45161290322580644
0.007194244604316547	0.4375
0.007194244604316547	0.42424242424242425
0.007194244604316547	0.4117647058823529
0.007194244604316547	0.4
0.007194244604316547	0.3888888888888889
0.007708119218910586	0.40540540540540543
0.007708119218910586	0.39473684210526316
0.008221993833504625	0.41025641025641024
0.008735868448098663	0.425
0.009249743062692703	0.43902439024390244
0.009763617677286743	0.4523809523809524
0.010277492291880781	0.46511627906976744
0.01079136690647482	0.4772727272727273
0.011305241521068859	0.4888888888888889
0.011305241521068859	0.4782608695652174
0.011819116135662899	0.48936170212765956
0.011819116135662899	0.4791666666666667
0.012332990750256937	0.4897959183673469
0.012332990750256937	0.48
0.012846865364850977	0.49019607843137253
0.013360739979445015	0.5
0.013874614594039054	0.5094339622641509
0.014388489208633094	0.5185185185185185
0.014902363823227132	0.5272727272727272
0.014902363823227132	0.5178571428571429
0.015416238437821172	0.5263157894736842
0.01593011305241521	0.5344827586206896
0.01593011305241521	0.5254237288135594
0.01644398766700925	0.5333333333333333
0.01695786228160329	0.5409836065573771
0.01695786228160329	0.532258064516129
0.017471736896197326	0.5396825396825397
0.017985611510791366	0.546875
0.017985611510791366	0.5384615384615384
0.017985611510791366	0.5303030303030303
0.018499486125385406	0.5373134328358209
0.018499486125385406	0.5294117647058824
0.019013360739979446	0.5362318840579711
0.019527235354573486	0.5428571428571428
0.019527235354573486	0.5352112676056338
0.020041109969167522	0.5416666666666666
0.020554984583761562	0.547945205479452
0.0210688591983556	0.5540540540540541
0.0210688591983556	0.5466666666666666
0.02158273381294964	0.5526315789473685
0.022096608427543678	0.5584415584415584
0.022610483042137718	0.5641025641025641
0.023124357656731757	0.569620253164557
0.023638232271325797	0.575
0.024152106885919837	0.5802469135802469
0.024665981500513873	0.5853658536585366
0.025179856115107913	0.5903614457831325
0.025179856115107913	0.5833333333333334
0.025693730729701953	0.5882352941176471
0.026207605344295993	0.5930232558139535
0.026207605344295993	0.5862068965517241
0.026207605344295993	0.5795454545454546
0.026207605344295993	0.5730337078651685
0.02672147995889003	0.5777777777777777
0.02723535457348407	0.5824175824175825
0.02774922918807811	0.5869565217391305
0.02826310380267215	0.5913978494623656
0.02877697841726619	0.5957446808510638
0.029290853031860225	0.6
0.029290853031860225	0.59375
0.029804727646454265	0.5979381443298969
0.030318602261048305	0.6020408163265306
0.030832476875642344	0.6060606060606061
0.03134635149023638	0.61
0.03186022610483042	0.6138613861386139
0.03186022610483042	0.6078431372549019
0.03237410071942446	0.6116504854368932
0.0328879753340185	0.6153846153846154
0.03340184994861254	0.6190476190476191
0.03340184994861254	0.6132075471698113
0.03340184994861254	0.6074766355140186
0.03340184994861254	0.6018518518518519
0.03391572456320658	0.6055045871559633
0.03442959917780062	0.6090909090909091
0.03442959917780062	0.6036036036036037
0.03494347379239465	0.6071428571428571
0.03494347379239465	0.6017699115044248
0.03545734840698869	0.6052631578947368
0.03597122302158273	0.6086956521739131
0.03648509763617677	0.6120689655172413
0.03648509763617677	0.6068376068376068
0.03648509763617677	0.6016949152542372
0.03648509763617677	0.5966386554621849
0.03648509763617677	0.5916666666666667
0.03699897225077081	0.5950413223140496
0.03699897225077081	0.5901639344262295
0.03699897225077081	0.5853658536585366
0.03699897225077081	0.5806451612903226
0.03751284686536485	0.584
0.03802672147995889	0.5873015873015873
0.03854059609455293	0.5905511811023622
0.03854059609455293	0.5859375
0.03854059609455293	0.5813953488372093
0.03854059609455293	0.5769230769230769
0.03905447070914697	0.5801526717557252
0.039568345323741004	0.5833333333333334
0.039568345323741004	0.5789473684210527
0.039568345323741004	0.5746268656716418
0.040082219938335044	0.5777777777777777
0.040082219938335044	0.5735294117647058
0.040082219938335044	0.5693430656934306
0.040596094552929084	0.572463768115942
0.040596094552929084	0.5683453237410072
0.041109969167523124	0.5714285714285714
0.041109969167523124	0.5673758865248227
0.04162384378211716	0.5704225352112676
0.0421377183967112	0.5734265734265734
0.0421377183967112	0.5694444444444444
0.04265159301130524	0.5724137931034483
0.04265159301130524	0.5684931506849316
0.04316546762589928	0.5714285714285714
0.04367934224049332	0.5743243243243243
0.04367934224049332	0.5704697986577181
0.04367934224049332	0.5666666666666667
0.04367934224049332	0.5629139072847682
0.04367934224049332	0.5592105263157895
0.04367934224049332	0.5555555555555556
0.04367934224049332	0.551948051948052
0.04367934224049332	0.5483870967741935
0.04367934224049332	0.5448717948717948
0.04367934224049332	0.5414012738853503
0.04367934224049332	0.5379746835443038
0.044193216855087356	0.5408805031446541
0.044193216855087356	0.5375
0.044193216855087356	0.5341614906832298
0.044193216855087356	0.5308641975308642
0.044707091469681395	0.5337423312883436
0.044707091469681395	0.5304878048780488
0.045220966084275435	0.5333333333333333
0.045734840698869475	0.536144578313253
0.045734840698869475	0.5329341317365269
0.046248715313463515	0.5357142857142857
0.046248715313463515	0.5325443786982249
0.046248715313463515	0.5294117647058824
0.046762589928057555	0.5321637426900585
0.047276464542651594	0.5348837209302325
0.047276464542651594	0.5317919075144508
0.047276464542651594	0.5287356321839081
0.047276464542651594	0.5257142857142857
0.047276464542651594	0.5227272727272727
0.047276464542651594	0.519774011299435
0.047790339157245634	0.5224719101123596
0.048304213771839674	0.5251396648044693
0.048304213771839674	0.5222222222222223
0.048304213771839674	0.5193370165745856
0.048304213771839674	0.5164835164835165
0.048304213771839674	0.5136612021857924
0.048304213771839674	0.5108695652173914
0.048304213771839674	0.5081081081081081
0.048304213771839674	0.5053763440860215
0.048304213771839674	0.5026737967914439
0.048304213771839674	0.5
0.04881808838643371	0.5026455026455027
0.04881808838643371	0.5
0.04933196300102775	0.5026178010471204
0.04933196300102775	0.5
0.04984583761562179	0.5025906735751295
0.04984583761562179	0.5
0.050359712230215826	0.5025641025641026
0.050873586844809866	0.5051020408163265
0.050873586844809866	0.5025380710659898
0.050873586844809866	0.5
0.050873586844809866	0.49748743718592964
0.050873586844809866	0.495
0.050873586844809866	0.4925373134328358
0.051387461459403906	0.49504950495049505
0.051387461459403906	0.49261083743842365
0.051901336073997946	0.4950980392156863
0.052415210688591986	0.4975609756097561
0.052415210688591986	0.49514563106796117
0.052415210688591986	0.4927536231884058
0.052415210688591986	0.49038461538461536
0.052415210688591986	0.4880382775119617
0.052415210688591986	0.4857142857142857
0.052929085303186026	0.4881516587677725
0.052929085303186026	0.4858490566037736
0.052929085303186026	0.4835680751173709
0.05344295991778006	0.48598130841121495
0.0539568345323741	0.4883720930232558
0.05447070914696814	0.49074074074074076
0.05498458376156218	0.4930875576036866
0.05498458376156218	0.4908256880733945
0.05498458376156218	0.4885844748858447
0.05549845837615622	0.4909090909090909
0.05601233299075026	0.49321266968325794
0.05601233299075026	0.49099099099099097
0.05601233299075026	0.48878923766816146
0.05601233299075026	0.48660714285714285
0.05601233299075026	0.48444444444444446
0.0565262076053443	0.48672566371681414
0.05704008221993834	0.4889867841409692
0.05704008221993834	0.4868421052631579
0.05755395683453238	0.4890829694323144
0.05806783144912641	0.49130434782608695
0.05806783144912641	0.48917748917748916
0.05858170606372045	0.49137931034482757
0.05858170606372045	0.4892703862660944
0.05858170606372045	0.48717948717948717
0.05858170606372045	0.4851063829787234
0.05858170606372045	0.4830508474576271
0.05909558067831449	0.48523206751054854
0.05960945529290853	0.48739495798319327
0.06012332990750257	0.4895397489539749
0.06012332990750257	0.4875
0.06012332990750257	0.4854771784232365
0.06012332990750257	0.4834710743801653
0.06063720452209661	0.48559670781893005
0.06115107913669065	0.48770491803278687
0.06166495375128469	0.4897959183673469
0.06217882836587873	0.491869918699187
0.06217882836587873	0.4898785425101215
0.06217882836587873	0.4879032258064516
0.06269270298047276	0.4899598393574297
0.06269270298047276	0.488
0.0632065775950668	0.4900398406374502
0.06372045220966084	0.49206349206349204
0.06372045220966084	0.4901185770750988
0.06372045220966084	0.4881889763779528
0.06423432682425488	0.49019607843137253
0.06474820143884892	0.4921875
0.06526207605344296	0.49416342412451364
0.06526207605344296	0.49224806201550386
0.06526207605344296	0.49034749034749037
0.06526207605344296	0.48846153846153845
0.065775950668037	0.4904214559386973
0.06628982528263104	0.49236641221374045
0.06680369989722508	0.49429657794676807
0.06731757451181912	0.4962121212121212
0.06783144912641316	0.4981132075471698
0.06783144912641316	0.49624060150375937
0.06783144912641316	0.4943820224719101
0.06783144912641316	0.4925373134328358
0.0683453237410072	0.4944237918215613
0.0683453237410072	0.4925925925925926
0.06885919835560124	0.4944649446494465
0.06937307297019528	0.4963235294117647
0.0698869475847893	0.4981684981684982
0.0698869475847893	0.49635036496350365
0.0698869475847893	0.49454545454545457
0.0698869475847893	0.4927536231884058
0.07040082219938334	0.49458483754512633
0.07091469681397738	0.49640287769784175
0.07091469681397738	0.4946236559139785
0.07091469681397738	0.4928571428571429
0.07091469681397738	0.49110320284697506
0.07142857142857142	0.4929078014184397
0.07142857142857142	0.4911660777385159
0.07194244604316546	0.49295774647887325
0.07194244604316546	0.49122807017543857
0.07194244604316546	0.48951048951048953
0.07194244604316546	0.4878048780487805
0.07194244604316546	0.4861111111111111
0.07194244604316546	0.4844290657439446
0.0724563206577595	0.4862068965517241
0.07297019527235354	0.4879725085910653
0.07348406988694758	0.4897260273972603
0.07399794450154162	0.49146757679180886
0.07399794450154162	0.4897959183673469
0.07451181911613566	0.4915254237288136
0.07451181911613566	0.48986486486486486
0.0750256937307297	0.49158249158249157
0.07553956834532374	0.49328859060402686
0.07553956834532374	0.4916387959866221
0.07553956834532374	0.49
0.07605344295991778	0.49169435215946844
0.07605344295991778	0.4900662251655629
0.07656731757451182	0.49174917491749176
0.07656731757451182	0.4901315789473684
0.07708119218910586	0.4918032786885246
0.07708119218910586	0.49019607843137253
0.0775950668036999	0.49185667752442996
0.07810894141829394	0.4935064935064935
0.07810894141829394	0.4919093851132686
0.07810894141829394	0.49032258064516127
0.07862281603288798	0.4919614147909968
0.07862281603288798	0.49038461538461536
0.07862281603288798	0.48881789137380194
0.07913669064748201	0.49044585987261147
0.07965056526207605	0.49206349206349204
0.08016443987667009	0.4936708860759494
0.08067831449126413	0.4952681388012618
0.08067831449126413	0.4937106918238994
0.08067831449126413	0.49216300940438873
0.08119218910585817	0.49375
0.08170606372045221	0.4953271028037383
0.08170606372045221	0.4937888198757764
0.08170606372045221	0.49226006191950467
0.08221993833504625	0.49382716049382713
0.08273381294964029	0.49538461538461537
0.08273381294964029	0.4938650306748466
0.08324768756423433	0.4954128440366973
0.08376156217882837	0.4969512195121951
0.08376156217882837	0.49544072948328266
0.08376156217882837	0.49393939393939396
0.08376156217882837	0.49244712990936557
0.0842754367934224	0.4939759036144578
0.0842754367934224	0.4924924924924925
0.08478931140801645	0.4940119760479042
0.08478931140801645	0.4925373134328358
0.08478931140801645	0.49107142857142855
0.08530318602261049	0.49258160237388726
0.08530318602261049	0.4911242603550296
0.08530318602261049	0.4896755162241888
0.08530318602261049	0.48823529411764705
0.08581706063720453	0.4897360703812317
0.08581706063720453	0.48830409356725146
0.08633093525179857	0.4897959183673469
0.08633093525179857	0.4883720930232558
0.0868448098663926	0.48985507246376814
0.0868448098663926	0.4884393063583815
0.0868448098663926	0.48703170028818443
0.0868448098663926	0.48563218390804597
0.08735868448098665	0.4871060171919771
0.08787255909558069	0.48857142857142855
0.08838643371017471	0.49002849002849
0.08890030832476875	0.4914772727272727
0.08941418293936279	0.49291784702549574
0.08992805755395683	0.4943502824858757
0.09044193216855087	0.49577464788732395
0.09095580678314491	0.49719101123595505
0.09095580678314491	0.4957983193277311
0.09146968139773895	0.4972067039106145
0.09198355601233299	0.4986072423398329
0.09198355601233299	0.49722222222222223
0.09198355601233299	0.49584487534626037
0.09198355601233299	0.494475138121547
0.09249743062692703	0.49586776859504134
0.09301130524152107	0.49725274725274726
0.09352517985611511	0.4986301369863014
0.09352517985611511	0.4972677595628415
0.09352517985611511	0.49591280653950953
0.09403905447070915	0.49728260869565216
0.09403905447070915	0.4959349593495935
0.09403905447070915	0.4945945945945946
0.09455292908530319	0.49595687331536387
0.09506680369989723	0.49731182795698925
0.09558067831449127	0.49865951742627346
0.09609455292908531	0.5
0.09609455292908531	0.49866666666666665
0.09660842754367935	0.5
0.09660842754367935	0.4986737400530504
0.09712230215827339	0.5
0.09763617677286741	0.5013192612137203
0.09815005138746145	0.5026315789473684
0.09815005138746145	0.5013123359580053
0.09815005138746145	0.5
0.09815005138746145	0.49869451697127937
0.0986639260020555	0.5
0.0986639260020555	0.4987012987012987
0.09917780061664953	0.5
0.09969167523124357	0.5012919896640827
0.10020554984583761	0.5025773195876289
0.10020554984583761	0.5012853470437018
0.10071942446043165	0.5025641025641026
0.10123329907502569	0.5038363171355499
0.10174717368961973	0.5051020408163265
0.10226104830421377	0.5063613231552163
0.10277492291880781	0.5076142131979695
0.10277492291880781	0.5063291139240507
0.10277492291880781	0.5050505050505051
0.10277492291880781	0.5037783375314862
0.10328879753340185	0.5050251256281407
0.10328879753340185	0.5037593984962406
0.10380267214799589	0.505
0.10431654676258993	0.5062344139650873
0.10483042137718397	0.5074626865671642
0.10483042137718397	0.5062034739454094
0.10483042137718397	0.504950495049505
0.10534429599177801	0.5061728395061729
0.10534429599177801	0.5049261083743842
0.10585817060637205	0.5061425061425061
0.10637204522096609	0.5073529411764706
0.10688591983556012	0.508557457212714
0.10688591983556012	0.5073170731707317
0.10739979445015416	0.5085158150851582
0.10739979445015416	0.5072815533980582
0.1079136690647482	0.5084745762711864
0.1079136690647482	0.5072463768115942
0.10842754367934224	0.5084337349397591
0.10894141829393628	0.5096153846153846
0.10894141829393628	0.5083932853717026
0.10894141829393628	0.507177033492823
0.10945529290853032	0.5083532219570406
0.10945529290853032	0.5071428571428571
0.10945529290853032	0.505938242280285
0.10996916752312436	0.5071090047393365
0.10996916752312436	0.5059101654846335
0.1104830421377184	0.5070754716981132
0.1104830421377184	0.5058823529411764
0.11099691675231244	0.5070422535211268
0.11099691675231244	0.5058548009367682
0.11151079136690648	0.5070093457943925
0.11151079136690648	0.5058275058275058
0.11202466598150052	0.5069767441860465
0.11202466598150052	0.505800464037123
0.11202466598150052	0.5046296296296297
0.11202466598150052	0.5034642032332564
0.11253854059609456	0.5046082949308756
0.11253854059609456	0.503448275862069
0.11253854059609456	0.5022935779816514
0.1130524152106886	0.5034324942791762
0.11356628982528263	0.5045662100456622
0.11408016443987667	0.5056947608200456
0.11459403905447071	0.5068181818181818
0.11459403905447071	0.5056689342403629
0.11459403905447071	0.504524886877828
0.11510791366906475	0.5056433408577878
0.11510791366906475	0.5045045045045045
0.11510791366906475	0.503370786516854
0.11510791366906475	0.5022421524663677
0.1156217882836588	0.5033557046979866
0.1156217882836588	0.5022321428571429
0.1156217882836588	0.5011135857461024
0.11613566289825282	0.5022222222222222
0.11664953751284686	0.5033259423503326
0.11664953751284686	0.5022123893805309
0.11664953751284686	0.5011037527593819
0.1171634121274409	0.5022026431718062
0.1171634121274409	0.5010989010989011
0.11767728674203494	0.5021929824561403
0.11819116135662898	0.5032822757111597
0.11870503597122302	0.5043668122270742
0.11921891058581706	0.5054466230936819
0.1197327852004111	0.5065217391304347
0.1197327852004111	0.5054229934924078
0.1197327852004111	0.5043290043290043
0.1197327852004111	0.5032397408207343
0.1197327852004111	0.5021551724137931
0.1197327852004111	0.5010752688172043
0.1197327852004111	0.5
0.1197327852004111	0.4989293361884368
0.1197327852004111	0.49786324786324787
0.12024665981500514	0.4989339019189765
0.12076053442959918	0.5
0.12076053442959918	0.4989384288747346
0.12127440904419322	0.5
0.12178828365878726	0.5010570824524313
0.1223021582733813	0.5021097046413502
0.1223021582733813	0.5010526315789474
0.12281603288797534	0.5021008403361344
0.12281603288797534	0.5010482180293501
0.12332990750256938	0.502092050209205
0.12332990750256938	0.5010438413361169
0.12332990750256938	0.5
0.12332990750256938	0.498960498960499
0.12384378211716342	0.5
0.12384378211716342	0.4989648033126294
0.12435765673175746	0.5
0.12435765673175746	0.49896907216494846
0.12435765673175746	0.49794238683127573
0.12435765673175746	0.49691991786447637
0.12435765673175746	0.4959016393442623
0.12435765673175746	0.4948875255623722
0.1248715313463515	0.4959183673469388
0.12538540596094552	0.4969450101832994
0.12589928057553956	0.49796747967479676
0.12589928057553956	0.4969574036511156
0.12589928057553956	0.4959514170040486
0.12589928057553956	0.494949494949495
0.12589928057553956	0.4939516129032258
0.12589928057553956	0.49295774647887325
0.12589928057553956	0.4919678714859438
0.12589928057553956	0.4909819639278557
0.1264131551901336	0.492
0.12692702980472764	0.4930139720558882
0.12744090441932168	0.4940239043824701
0.12744090441932168	0.49304174950298213
0.12795477903391572	0.49404761904761907
0.12846865364850976	0.49504950495049505
0.12846865364850976	0.49407114624505927
0.12846865364850976	0.4930966469428008
0.12846865364850976	0.4921259842519685
0.1289825282631038	0.4931237721021611
0.12949640287769784	0.49411764705882355
0.13001027749229188	0.49510763209393344
0.13052415210688592	0.49609375
0.13103802672147996	0.49707602339181284
0.13103802672147996	0.4961089494163424
0.131551901336074	0.4970873786407767
0.131551901336074	0.49612403100775193
0.131551901336074	0.4951644100580271
0.13206577595066804	0.49613899613899615
0.13257965056526208	0.49710982658959535
0.13309352517985612	0.4980769230769231
0.13360739979445016	0.4990403071017274
0.1341212744090442	0.5
0.1341212744090442	0.49904397705544934
0.13463514902363824	0.5
0.13514902363823228	0.5009523809523809
0.13566289825282632	0.5019011406844106
0.13617677286742036	0.5028462998102466
0.1366906474820144	0.5037878787878788
0.13720452209660844	0.504725897920605
0.13771839671120248	0.5056603773584906
0.13823227132579652	0.5065913370998116
0.13874614594039056	0.5075187969924813
0.13926002055498457	0.5084427767354597
0.1397738951695786	0.5093632958801498
0.1397738951695786	0.508411214953271
0.1397738951695786	0.5074626865671642
0.1397738951695786	0.5065176908752328
0.1397738951695786	0.5055762081784386
0.1397738951695786	0.5046382189239332
0.1397738951695786	0.5037037037037037
0.1397738951695786	0.5027726432532348
0.1397738951695786	0.5018450184501845
0.1397738951695786	0.5009208103130756
0.1397738951695786	0.5
0.1397738951695786	0.4990825688073395
0.1397738951695786	0.4981684981684982
0.1397738951695786	0.49725776965265084
0.1397738951695786	0.49635036496350365
0.1397738951695786	0.49544626593806923
0.1397738951695786	0.49454545454545457
0.1397738951695786	0.49364791288566245
0.1397738951695786	0.4927536231884058
0.1397738951695786	0.4918625678119349
0.1397738951695786	0.49097472924187724
0.14028776978417265	0.4918918918918919
0.14028776978417265	0.4910071942446043
0.1408016443987667	0.4919210053859964
0.14131551901336073	0.492831541218638
0.14131551901336073	0.4919499105545617
0.14131551901336073	0.49107142857142855
0.14131551901336073	0.49019607843137253
0.14182939362795477	0.49110320284697506
0.1423432682425488	0.4920071047957371
0.14285714285714285	0.4929078014184397
0.1433710174717369	0.49380530973451325
0.1433710174717369	0.4929328621908127
0.1433710174717369	0.49206349206349204
0.1433710174717369	0.49119718309859156
0.14388489208633093	0.492091388400703
0.14439876670092497	0.49298245614035086
0.144912641315519	0.4938704028021016
0.14542651593011305	0.49475524475524474
0.1459403905447071	0.4956369982547993
0.14645426515930113	0.4965156794425087
0.14696813977389517	0.4973913043478261
0.14696813977389517	0.4965277777777778
0.14696813977389517	0.49566724436741766
0.14696813977389517	0.49480968858131485
0.14696813977389517	0.4939550949913644
0.1474820143884892	0.49482758620689654
0.14799588900308325	0.49569707401032703
0.14799588900308325	0.4948453608247423
0.14799588900308325	0.4939965694682676
0.14799588900308325	0.4931506849315068
0.1485097636176773	0.49401709401709404
0.1485097636176773	0.4931740614334471
0.1485097636176773	0.49233390119250425
0.14902363823227133	0.4931972789115646
0.14953751284686537	0.4940577249575552
0.1500513874614594	0.49491525423728816
0.15056526207605345	0.4957698815566836
0.1510791366906475	0.4966216216216216
0.15159301130524153	0.4974704890387858
0.15210688591983557	0.4983164983164983
0.1526207605344296	0.4991596638655462
0.15313463514902365	0.5
0.15364850976361769	0.5008375209380235
0.15416238437821173	0.5016722408026756
0.15467625899280577	0.5025041736227045
0.1551901336073998	0.5033333333333333
0.1551901336073998	0.502495840266223
0.1551901336073998	0.5016611295681063
0.1551901336073998	0.5008291873963516
0.1551901336073998	0.5
0.1551901336073998	0.4991735537190083
0.1551901336073998	0.49834983498349833
0.1551901336073998	0.4975288303130148
0.15570400822199384	0.49835526315789475
0.15570400822199384	0.4975369458128079
0.15570400822199384	0.4967213114754098
0.15621788283658788	0.49754500818330605
0.15621788283658788	0.49673202614379086
0.15621788283658788	0.49592169657422513
0.15673175745118192	0.496742671009772
0.15673175745118192	0.4959349593495935
0.15673175745118192	0.49512987012987014
0.15724563206577596	0.4959481361426256
0.15724563206577596	0.49514563106796117
0.15775950668036998	0.49596122778675283
0.15827338129496402	0.4967741935483871
0.15827338129496402	0.49597423510466987
0.15827338129496402	0.49517684887459806
0.15827338129496402	0.4943820224719101
0.15827338129496402	0.4935897435897436
0.15878725590955806	0.4944
0.1593011305241521	0.4952076677316294
0.1593011305241521	0.4944178628389155
0.15981500513874614	0.49522292993630573
0.16032887975334018	0.4960254372019078
0.16084275436793422	0.49682539682539684
0.16135662898252826	0.4976228209191759
0.16135662898252826	0.49683544303797467
0.16135662898252826	0.4960505529225908
0.16135662898252826	0.4952681388012618
0.1618705035971223	0.49606299212598426
0.16238437821171633	0.4968553459119497
0.16289825282631037	0.4976452119309262
0.16341212744090441	0.49843260188087773
0.16392600205549845	0.49921752738654146
0.1644398766700925	0.5
0.1644398766700925	0.49921996879875197
0.16495375128468653	0.5
0.16546762589928057	0.5007776049766719
0.1659815005138746	0.5015527950310559
0.1659815005138746	0.5007751937984496
0.16649537512846865	0.5015479876160991
0.1670092497430627	0.5023183925811437
0.1670092497430627	0.5015432098765432
0.1670092497430627	0.5007704160246533
0.1670092497430627	0.5
0.1670092497430627	0.49923195084485406
0.16752312435765673	0.5
0.16803699897225077	0.5007656967840735
0.1685508735868448	0.5015290519877675
0.1685508735868448	0.500763358778626
0.1685508735868448	0.5
0.1685508735868448	0.4992389649923896
0.1685508735868448	0.49848024316109424
0.1685508735868448	0.4977238239757208
0.1685508735868448	0.49696969696969695
0.16906474820143885	0.4977307110438729
0.16906474820143885	0.49697885196374625
0.16906474820143885	0.4962292609351433
0.1695786228160329	0.49698795180722893
0.17009249743062693	0.49774436090225566
0.17060637204522097	0.4984984984984985
0.17060637204522097	0.49775112443778113
0.17060637204522097	0.49700598802395207
0.17060637204522097	0.4962630792227205
0.17060637204522097	0.4955223880597015
0.17060637204522097	0.4947839046199702
0.171120246659815	0.4955357142857143
0.171120246659815	0.4947994056463596
0.171120246659815	0.4940652818991098
0.17163412127440905	0.4948148148148148
0.1721479958890031	0.49556213017751477
0.1721479958890031	0.4948301329394387
0.17266187050359713	0.49557522123893805
0.17266187050359713	0.4948453608247423
0.17317574511819117	0.49558823529411766
0.17317574511819117	0.4948604992657856
0.17317574511819117	0.4941348973607038
0.1736896197327852	0.49487554904831627
0.1736896197327852	0.49415204678362573
0.1736896197327852	0.49343065693430654
0.1736896197327852	0.49271137026239065
0.1736896197327852	0.49199417758369723
0.17420349434737925	0.49273255813953487
0.17420349434737925	0.49201741654571846
0.1747173689619733	0.4927536231884058
0.17523124357656733	0.4934876989869754
0.17523124357656733	0.49277456647398843
0.17574511819116137	0.4935064935064935
0.17574511819116137	0.49279538904899134
0.17625899280575538	0.4935251798561151
0.17625899280575538	0.492816091954023
0.17677286742034942	0.4935437589670014
0.17677286742034942	0.49283667621776506
0.17677286742034942	0.49213161659513593
0.17677286742034942	0.49142857142857144
0.17728674203494346	0.4921540656205421
0.17728674203494346	0.49145299145299143
0.1778006166495375	0.492176386913229
0.17831449126413154	0.4928977272727273
0.17882836587872558	0.49361702127659574
0.17934224049331962	0.4943342776203966
0.17934224049331962	0.49363507779349364
0.17934224049331962	0.4929378531073446
0.17934224049331962	0.4922425952045134
0.17985611510791366	0.49295774647887325
0.17985611510791366	0.49226441631504925
0.17985611510791366	0.49157303370786515
0.17985611510791366	0.4908835904628331
0.1803699897225077	0.49159663865546216
0.1803699897225077	0.4909090909090909
0.18088386433710174	0.49162011173184356
0.18139773895169578	0.49232914923291493
0.18139773895169578	0.49164345403899723
0.18139773895169578	0.4909596662030598
0.18139773895169578	0.49027777777777776
0.18191161356628982	0.4909847434119279
0.18191161356628982	0.4903047091412742
0.18242548818088386	0.49100968188105115
0.18242548818088386	0.4903314917127072
0.18242548818088386	0.4896551724137931
0.18242548818088386	0.4889807162534435
0.18242548818088386	0.48830811554332876
0.1829393627954779	0.489010989010989
0.1829393627954779	0.4883401920438957
0.18345323741007194	0.48904109589041095
0.18396711202466598	0.4897400820793434
0.18396711202466598	0.4890710382513661
0.18396711202466598	0.48840381991814463
0.18448098663926002	0.4891008174386921
0.18448098663926002	0.4884353741496599
0.18448098663926002	0.48777173913043476
0.18448098663926002	0.4871099050203528
0.18448098663926002	0.48644986449864497
0.18499486125385406	0.4871447902571042
0.18499486125385406	0.4864864864864865
0.1855087358684481	0.48717948717948717
0.1855087358684481	0.4865229110512129
0.1855087358684481	0.4858681022880215
0.1855087358684481	0.4852150537634409
0.1855087358684481	0.48456375838926175
0.1855087358684481	0.4839142091152815
0.1855087358684481	0.48326639892904955
0.1855087358684481	0.48262032085561496
0.1855087358684481	0.4819759679572764
0.18602261048304214	0.4826666666666667
0.18602261048304214	0.48202396804260983
0.18653648509763618	0.48271276595744683
0.18705035971223022	0.48339973439575035
0.18705035971223022	0.4827586206896552
0.18705035971223022	0.4821192052980132
0.18705035971223022	0.48148148148148145
0.18705035971223022	0.4808454425363276
0.18756423432682426	0.4815303430079156
0.1880781089414183	0.48221343873517786
0.1880781089414183	0.48157894736842105
0.1880781089414183	0.480946123521682
0.1880781089414183	0.48031496062992124
0.1880781089414183	0.4796854521625164
0.1880781089414183	0.4790575916230366
0.18859198355601234	0.4797385620915033
0.18859198355601234	0.47911227154047
0.18910585817060638	0.47979139504563234
0.18910585817060638	0.4791666666666667
0.18910585817060638	0.47854356306892065
0.18910585817060638	0.4779220779220779
0.18910585817060638	0.4773022049286641
0.18910585817060638	0.47668393782383417
0.18961973278520042	0.47736093143596375
0.18961973278520042	0.47674418604651164
0.19013360739979446	0.4774193548387097
0.19013360739979446	0.47680412371134023
0.19013360739979446	0.47619047619047616
0.1906474820143885	0.4768637532133676
0.1906474820143885	0.4762516046213094
0.19116135662898254	0.47692307692307695
0.19167523124357658	0.47759282970550576
0.19167523124357658	0.47698209718670076
0.19167523124357658	0.4763729246487867
0.19218910585817062	0.4770408163265306
0.19218910585817062	0.4764331210191083
0.19270298047276466	0.4770992366412214
0.19270298047276466	0.4764930114358323
0.19270298047276466	0.47588832487309646
0.19270298047276466	0.4752851711026616
0.1932168550873587	0.4759493670886076
0.19373072970195274	0.47661188369152974
0.19373072970195274	0.476010101010101
0.19373072970195274	0.47540983606557374
0.19424460431654678	0.4760705289672544
0.19424460431654678	0.47547169811320755
0.1947584789311408	0.47613065326633164
0.1947584789311408	0.4755332496863237
0.19527235354573483	0.47619047619047616
0.19527235354573483	0.4755944931163955
0.19578622816032887	0.47625
0.19578622816032887	0.4756554307116105
0.19578622816032887	0.47506234413965087
0.19578622816032887	0.47447073474470736
0.19578622816032887	0.47388059701492535
0.19578622816032887	0.47329192546583854
0.1963001027749229	0.4739454094292804
0.19681397738951695	0.4745972738537794
0.19681397738951695	0.474009900990099
0.19681397738951695	0.47342398022249693
0.197327852004111	0.4740740740740741
0.197327852004111	0.47348951911220716
0.19784172661870503	0.47413793103448276
0.19784172661870503	0.4735547355473555
0.19784172661870503	0.47297297297297297
0.19835560123329907	0.4736196319018405
0.1988694758478931	0.4742647058823529
0.1988694758478931	0.47368421052631576
0.19938335046248715	0.4743276283618582
0.19938335046248715	0.47374847374847373
0.1998972250770812	0.474390243902439
0.1998972250770812	0.47381242387332523
0.20041109969167523	0.4744525547445255
0.20041109969167523	0.4738760631834751
0.20092497430626927	0.47451456310679613
0.20092497430626927	0.47393939393939394
0.20092497430626927	0.47336561743341404
0.20092497430626927	0.4727932285368803
0.2014388489208633	0.47342995169082125
0.20195272353545735	0.47406513872135103
0.20195272353545735	0.4734939759036145
0.20246659815005139	0.4741275571600481
0.20246659815005139	0.4735576923076923
0.20246659815005139	0.4729891956782713
0.20246659815005139	0.4724220623501199
0.20246659815005139	0.4718562874251497
0.20298047276464543	0.47248803827751196
0.20298047276464543	0.47192353643966545
0.20298047276464543	0.4713603818615752
0.20298047276464543	0.47079856972586415
0.20298047276464543	0.47023809523809523
0.20298047276464543	0.469678953626635
0.20349434737923947	0.47030878859857483
0.20349434737923947	0.4697508896797153
0.2040082219938335	0.4703791469194313
0.2040082219938335	0.46982248520710057
0.2040082219938335	0.46926713947990545
0.2040082219938335	0.46871310507674147
0.20452209660842754	0.4693396226415094
0.20503597122302158	0.46996466431095407
0.20554984583761562	0.47058823529411764
0.20606372045220966	0.4712103407755582
0.2065775950668037	0.47183098591549294
0.20709146968139774	0.47245017584994137
0.20709146968139774	0.4718969555035129
0.20760534429599178	0.47251461988304094
0.20811921891058582	0.47313084112149534
0.20863309352517986	0.47374562427071176
0.20863309352517986	0.4731934731934732
0.2091469681397739	0.47380675203725264
0.2091469681397739	0.47325581395348837
0.2091469681397739	0.4727061556329849
0.2091469681397739	0.47215777262180975
0.20966084275436794	0.4727694090382387
0.20966084275436794	0.4722222222222222
0.21017471736896198	0.4728323699421965
0.21017471736896198	0.4722863741339492
0.21017471736896198	0.4717416378316032
0.21068859198355602	0.47235023041474655
0.21068859198355602	0.4718066743383199
0.21068859198355602	0.47126436781609193
0.21120246659815006	0.4718714121699196
0.21120246659815006	0.4713302752293578
0.2117163412127441	0.47193585337915234
0.21223021582733814	0.47254004576659037
0.21274409044193218	0.47314285714285714
0.2132579650565262	0.4737442922374429
0.2132579650565262	0.4732041049030787
0.2132579650565262	0.47266514806378135
0.2132579650565262	0.472127417519909
0.2132579650565262	0.4715909090909091
0.2132579650565262	0.47105561861521
0.2132579650565262	0.47052154195011336
0.2132579650565262	0.46998867497168745
0.2132579650565262	0.46945701357466063
0.21377183967112023	0.47005649717514125
0.21377183967112023	0.46952595936794583
0.21377183967112023	0.4689966178128523
0.21377183967112023	0.46846846846846846
0.21377183967112023	0.46794150731158607
0.21377183967112023	0.46741573033707867
0.21377183967112023	0.4668911335578002
0.21377183967112023	0.4663677130044843
0.21428571428571427	0.4669652855543113
0.2147995889003083	0.46756152125279643
0.21531346351490235	0.4681564245810056
0.21531346351490235	0.46763392857142855
0.2158273381294964	0.4682274247491639
0.2158273381294964	0.46770601336302897
0.21634121274409043	0.4682981090100111
0.21634121274409043	0.4677777777777778
0.21685508735868447	0.4683684794672586
0.21685508735868447	0.4678492239467849
0.21685508735868447	0.4673311184939092
0.21685508735868447	0.4668141592920354
0.21685508735868447	0.4662983425414365
0.2173689619732785	0.46688741721854304
0.2173689619732785	0.4663726571113561
0.2173689619732785	0.4658590308370044
0.2173689619732785	0.46534653465346537
0.21788283658787255	0.46593406593406594
0.2183967112024666	0.4665203073545554
0.21891058581706063	0.46710526315789475
0.21942446043165467	0.46768893756845564
0.2199383350462487	0.4682713347921225
0.2199383350462487	0.46775956284153003
0.2199383350462487	0.4672489082969432
0.2199383350462487	0.46673936750272627
0.22045220966084275	0.4673202614379085
0.22045220966084275	0.46681175190424373
0.22045220966084275	0.46630434782608693
0.22045220966084275	0.46579804560260585
0.2209660842754368	0.46637744034707157
0.22147995889003083	0.466955579631636
0.22199383350462487	0.4675324675324675
0.22199383350462487	0.46702702702702703
0.22199383350462487	0.46652267818574517
0.22199383350462487	0.46601941747572817
0.22199383350462487	0.46551724137931033
0.22199383350462487	0.465016146393972
0.22199383350462487	0.4645161290322581
0.22199383350462487	0.4640171858216971
0.22199383350462487	0.463519313304721
0.22199383350462487	0.4630225080385852
0.22199383350462487	0.4625267665952891
0.22199383350462487	0.46203208556149733
0.2225077081192189	0.46260683760683763
0.2225077081192189	0.4621131270010672
0.2225077081192189	0.4616204690831556
0.22302158273381295	0.46219382321618746
0.22302158273381295	0.46170212765957447
0.22302158273381295	0.461211477151966
0.223535457348407	0.46178343949044587
0.22404933196300103	0.4623541887592789
0.22404933196300103	0.461864406779661
0.22404933196300103	0.4613756613756614
0.22404933196300103	0.4608879492600423
0.22404933196300103	0.4604012671594509
0.22456320657759507	0.4609704641350211
0.22456320657759507	0.46048472075869334
0.22456320657759507	0.46
0.2250770811921891	0.4605678233438486
0.2250770811921891	0.46008403361344535
0.2250770811921891	0.459601259181532
0.2250770811921891	0.4591194968553459
0.2250770811921891	0.4586387434554974
0.2250770811921891	0.4581589958158996
0.22559095580678315	0.4587251828631139
0.22559095580678315	0.4582463465553236
0.22559095580678315	0.45776850886339937
0.22559095580678315	0.45729166666666665
0.22559095580678315	0.45681581685744016
0.22559095580678315	0.45634095634095634
0.22559095580678315	0.45586708203530635
0.22559095580678315	0.4553941908713693
0.22559095580678315	0.45492227979274613
0.22559095580678315	0.45445134575569357
0.22559095580678315	0.45398138572905894
0.2261048304213772	0.45454545454545453
0.2261048304213772	0.4540763673890609
0.2261048304213772	0.4536082474226804
0.2261048304213772	0.45314109165808447
0.2261048304213772	0.45267489711934156
0.2261048304213772	0.4522096608427544
0.2261048304213772	0.4517453798767967
0.22661870503597123	0.4523076923076923
0.22661870503597123	0.45184426229508196
0.22661870503597123	0.45138178096212894
0.22661870503597123	0.450920245398773
0.22713257965056527	0.4514811031664964
0.22713257965056527	0.45102040816326533
0.22713257965056527	0.4505606523955148
0.2276464542651593	0.4511201629327902
0.2276464542651593	0.4506612410986775
0.22816032887975335	0.45121951219512196
0.22816032887975335	0.45076142131979696
0.2286742034943474	0.4513184584178499
0.2286742034943474	0.4508611955420466
0.2286742034943474	0.45040485829959515
0.22918807810894143	0.45096056622851366
0.22970195272353547	0.45151515151515154
0.22970195272353547	0.4510595358224016
0.22970195272353547	0.45060483870967744
0.2302158273381295	0.4511581067472306
0.23072970195272355	0.4517102615694165
0.23072970195272355	0.45125628140703516
0.23072970195272355	0.4508032128514056
0.2312435765673176	0.45135406218655966
0.2317574511819116	0.45190380761523047
0.2317574511819116	0.45145145145145144
0.2317574511819116	0.451
0.2317574511819116	0.45054945054945056
0.2317574511819116	0.4500998003992016
0.2317574511819116	0.44965104685942175
0.2317574511819116	0.449203187250996
0.2317574511819116	0.4487562189054726
0.2317574511819116	0.44831013916500995
0.2317574511819116	0.44786494538232374
0.2317574511819116	0.44742063492063494
0.23227132579650564	0.44796828543111994
0.23278520041109968	0.4485148514851485
0.23278520041109968	0.44807121661721067
0.23278520041109968	0.44762845849802374
0.23278520041109968	0.4471865745310958
0.23278520041109968	0.4467455621301775
0.23329907502569372	0.44729064039408867
0.23329907502569372	0.4468503937007874
0.23329907502569372	0.4464110127826942
0.23381294964028776	0.44695481335952847
0.2343268242548818	0.4474975466143278
0.2343268242548818	0.4470588235294118
0.23484069886947584	0.4476003917727718
0.23484069886947584	0.4471624266144814
0.23535457348406988	0.447702834799609
0.23586844809866392	0.4482421875
0.23586844809866392	0.4478048780487805
0.23586844809866392	0.4473684210526316
0.23586844809866392	0.4469328140214216
0.23586844809866392	0.4464980544747082
0.23586844809866392	0.446064139941691
0.23586844809866392	0.44563106796116503
0.23638232271325796	0.44616876818622697
0.236896197327852	0.44670542635658916
0.23741007194244604	0.44724104549854793
0.23741007194244604	0.44680851063829785
0.23792394655704008	0.4473429951690821
0.23792394655704008	0.4469111969111969
0.23843782117163412	0.4474445515911283
0.23895169578622816	0.4479768786127168
0.2394655704008222	0.44850818094321465
0.23997944501541624	0.44903846153846155
0.24049331963001028	0.4495677233429395
0.24049331963001028	0.4491362763915547
0.24049331963001028	0.44870565675934804
0.24049331963001028	0.4482758620689655
0.24049331963001028	0.4478468899521531
0.24049331963001028	0.4474187380497132
0.24049331963001028	0.4469914040114613
0.24049331963001028	0.44656488549618323
0.24049331963001028	0.446139180171592
0.24049331963001028	0.44571428571428573
0.24049331963001028	0.445290199809705
0.24100719424460432	0.4458174904942966
0.24152106885919836	0.44634377967711303
0.24152106885919836	0.4459203036053131
0.2420349434737924	0.44644549763033176
0.2420349434737924	0.4460227272727273
0.24254881808838644	0.44654683065279094
0.24306269270298048	0.44706994328922495
0.24357656731757452	0.4475920679886686
0.24357656731757452	0.44716981132075473
0.24357656731757452	0.4467483506126296
0.24357656731757452	0.4463276836158192
0.24357656731757452	0.44590780809031044
0.24357656731757452	0.44548872180451127
0.24357656731757452	0.4450704225352113
0.24409044193216856	0.4455909943714822
0.24409044193216856	0.4451733833177132
0.2446043165467626	0.44569288389513106
0.2446043165467626	0.4452759588400374
0.24511819116135664	0.4457943925233645
0.24511819116135664	0.44537815126050423
0.24511819116135664	0.4449626865671642
0.24563206577595068	0.44547996272134205
0.24563206577595068	0.4450651769087523
0.24614594039054472	0.44558139534883723
0.24665981500513876	0.44609665427509293
0.24665981500513876	0.4456824512534819
0.2471736896197328	0.4461966604823748
0.2471736896197328	0.4457831325301205
0.24768756423432683	0.4462962962962963
0.24820143884892087	0.44680851063829785
0.24820143884892087	0.4463955637707948
0.24820143884892087	0.44598337950138506
0.24820143884892087	0.4455719557195572
0.24871531346351491	0.44608294930875575
0.24871531346351491	0.44567219152854515
0.24871531346351491	0.4452621895124195
0.24922918807810895	0.44577205882352944
0.249743062692703	0.4462809917355372
0.249743062692703	0.44587155963302755
0.249743062692703	0.4454628780934922
0.25025693730729703	0.445970695970696
0.25025693730729703	0.4455626715462031
0.25077081192189105	0.4460694698354662
0.2512846865364851	0.4465753424657534
0.2517985611510791	0.4470802919708029
0.2517985611510791	0.44667274384685507
0.2517985611510791	0.44626593806921677
0.2517985611510791	0.445859872611465
0.2517985611510791	0.44545454545454544
0.2517985611510791	0.44504995458673935
0.2517985611510791	0.44464609800362975
0.2517985611510791	0.4442429737080689
0.2517985611510791	0.4438405797101449
0.2517985611510791	0.4434389140271493
0.2517985611510791	0.4430379746835443
0.2517985611510791	0.44263775971093045
0.2523124357656732	0.44314079422382674
0.2523124357656732	0.44274120829576197
0.2523124357656732	0.4423423423423423
0.2523124357656732	0.44194419441944194
0.2528263103802672	0.44244604316546765
0.2528263103802672	0.4420485175202156
0.2533401849948613	0.44254937163375224
0.2538540596094553	0.4430493273542601
0.2538540596094553	0.44265232974910396
0.2538540596094553	0.4422560429722471
0.2538540596094553	0.4418604651162791
0.25436793422404935	0.44235924932975873
0.25436793422404935	0.4419642857142857
0.25488180883864336	0.4424620874219447
0.25488180883864336	0.44206773618538325
0.25539568345323743	0.44256455921638466
0.25539568345323743	0.44217081850533807
0.25590955806783144	0.44266666666666665
0.25590955806783144	0.4422735346358792
0.2564234326824255	0.4427684117125111
0.2564234326824255	0.4423758865248227
0.2569373072970195	0.4428697962798937
0.2569373072970195	0.4424778761061947
0.2574511819116136	0.44297082228116713
0.2579650565262076	0.44346289752650175
0.2579650565262076	0.44307149161518095
0.25847893114080167	0.4435626102292769
0.25847893114080167	0.4431718061674009
0.25847893114080167	0.44278169014084506
0.25847893114080167	0.44239226033421286
0.25847893114080167	0.44200351493848855
0.2589928057553957	0.4424934152765584
0.2589928057553957	0.4421052631578947
0.2595066803699897	0.44259421560035056
0.2595066803699897	0.44220665499124345
0.2595066803699897	0.44181977252843396
0.26002055498458376	0.4423076923076923
0.26002055498458376	0.44192139737991265
0.26002055498458376	0.44153577661431065
0.2605344295991778	0.4420226678291194
0.26104830421377184	0.4425087108013937
0.26156217882836585	0.44299390774586594
0.2620760534429599	0.4434782608695652
0.2620760534429599	0.4430929626411816
0.2620760534429599	0.4427083333333333
0.26258992805755393	0.44319167389418906
0.263103802672148	0.4436741767764298
0.263103802672148	0.4432900432900433
0.263103802672148	0.4429065743944637
0.263617677286742	0.44338807260155577
0.263617677286742	0.4430051813471503
0.263617677286742	0.4426229508196721
0.2641315519013361	0.44310344827586207
0.2646454265159301	0.4435831180017227
0.2646454265159301	0.44320137693631667
0.2646454265159301	0.44282029234737746
0.26515930113052416	0.44329896907216493
0.2656731757451182	0.44377682403433477
0.2656731757451182	0.44339622641509435
0.26618705035971224	0.4438731790916881
0.26670092497430625	0.4443493150684932
0.26670092497430625	0.4439692044482464
0.26670092497430625	0.44358974358974357
0.2672147995889003	0.444064901793339
0.2672147995889003	0.44368600682593856
0.2672147995889003	0.443307757885763
0.2672147995889003	0.44293015332197616
0.26772867420349433	0.44340425531914895
0.2682425488180884	0.44387755102040816
0.2687564234326824	0.4443500424808836
0.2687564234326824	0.4439728353140917
0.2687564234326824	0.44359626802374896
0.2692702980472765	0.4440677966101695
0.2692702980472765	0.4436917866215072
0.2692702980472765	0.4433164128595601
0.2692702980472765	0.4429416737109045
0.2692702980472765	0.44256756756756754
0.2692702980472765	0.4421940928270042
0.2692702980472765	0.4418212478920742
0.2692702980472765	0.44144903117101936
0.2697841726618705	0.44191919191919193
0.2697841726618705	0.4415475189234651
0.2697841726618705	0.4411764705882353
0.2697841726618705	0.44080604534005036
0.2697841726618705	0.44043624161073824
0.27029804727646456	0.44090528080469404
0.27081192189105857	0.44137353433835846
0.27081192189105857	0.4410041841004184
0.27081192189105857	0.4406354515050167
0.27132579650565264	0.44110275689223055
0.27183967112024665	0.44156928213689484
0.2723535457348407	0.44203502919099247
0.27286742034943473	0.4425
0.27286742034943473	0.4421315570358035
0.27286742034943473	0.4417637271214642
0.2733812949640288	0.44222776392352453
0.2733812949640288	0.4418604651162791
0.2733812949640288	0.44149377593360994
0.2738951695786228	0.4419568822553897
0.2744090441932169	0.4424192212096106
0.2749229188078109	0.44288079470198677
0.2749229188078109	0.4425144747725393
0.2749229188078109	0.44214876033057854
0.2749229188078109	0.44178364987613544
0.2749229188078109	0.4414191419141914
0.2749229188078109	0.44105523495465787
0.2749229188078109	0.44069192751235586
0.2749229188078109	0.4403292181069959
0.27543679342240496	0.4407894736842105
0.27595066803699897	0.44124897288414133
0.27595066803699897	0.4408866995073892
0.27595066803699897	0.44052502050861364
0.27595066803699897	0.44016393442622953
0.27595066803699897	0.4398034398034398
0.27646454265159304	0.4402618657937807
0.27646454265159304	0.4399018806214227
0.27646454265159304	0.4395424836601307
0.27646454265159304	0.43918367346938775
0.27646454265159304	0.43882544861337686
0.27646454265159304	0.4384678076609617
0.27697841726618705	0.43892508143322473
0.27697841726618705	0.4385679414157852
0.27697841726618705	0.43821138211382116
0.27697841726618705	0.437855402112104
0.2774922918807811	0.4383116883116883
0.2774922918807811	0.43795620437956206
0.27800616649537513	0.43841166936790926
0.27800616649537513	0.4380566801619433
0.27800616649537513	0.4377022653721683
0.27852004110996914	0.4381568310428456
0.27852004110996914	0.4378029079159935
0.27852004110996914	0.4374495560936239
0.27852004110996914	0.43709677419354837
0.27852004110996914	0.43674456083803387
0.2790339157245632	0.43719806763285024
0.2790339157245632	0.43684633950120677
0.2795477903391572	0.43729903536977494
0.2800616649537513	0.43775100401606426
0.2805755395683453	0.43820224719101125
0.28108941418293937	0.43865276663993585
0.28108941418293937	0.43830128205128205
0.2816032887975334	0.4387510008006405
0.2816032887975334	0.4384
0.2816032887975334	0.4380495603517186
0.2816032887975334	0.43769968051118213
0.28211716341212745	0.4381484437350359
0.28211716341212745	0.43779904306220097
0.28211716341212745	0.43745019920318723
0.28211716341212745	0.43710191082802546
0.28211716341212745	0.43675417661097854
0.28211716341212745	0.4364069952305246
0.28211716341212745	0.43606036536934073
0.28263103802672146	0.4365079365079365
0.2831449126413155	0.43695479777954005
0.2831449126413155	0.436608557844691
0.28365878725590954	0.43705463182897863
0.28365878725590954	0.43670886075949367
0.2841726618705036	0.43715415019762843
0.2841726618705036	0.4368088467614534
0.2841726618705036	0.43646408839779005
0.2846865364850976	0.43690851735015773
0.2846865364850976	0.43656422379826637
0.2846865364850976	0.43622047244094486
0.2846865364850976	0.4358772619984264
0.2846865364850976	0.43553459119496857
0.2852004110996917	0.43597800471327575
0.2852004110996917	0.43563579277864994
0.2857142857142857	0.43607843137254904
0.28622816032887977	0.43652037617554856
0.28622816032887977	0.4361785434612373
0.28622816032887977	0.43583724569640064
0.28622816032887977	0.4354964816262705
0.28622816032887977	0.43515625
0.28622816032887977	0.4348165495706479
0.28622816032887977	0.4344773790951638
0.28622816032887977	0.4341387373343726
0.28622816032887977	0.4338006230529595
0.2867420349434738	0.4342412451361868
0.28725590955806785	0.43468118195956457
0.28725590955806785	0.43434343434343436
0.28725590955806785	0.4340062111801242
0.28725590955806785	0.43366951124903025
0.28725590955806785	0.43333333333333335
0.28725590955806785	0.43299767621998453
0.28725590955806785	0.4326625386996904
0.28776978417266186	0.43310131477184843
0.2882836587872559	0.43353941267387947
0.2882836587872559	0.4332046332046332
0.28879753340184994	0.43364197530864196
0.28879753340184994	0.433307632999229
0.28879753340184994	0.43297380585516176
0.289311408016444	0.4334103156274057
0.289825282631038	0.4338461538461538
0.289825282631038	0.4335126825518832
0.289825282631038	0.43317972350230416
0.289825282631038	0.4328472755180353
0.289825282631038	0.4325153374233129
0.2903391572456321	0.4329501915708812
0.2908530318602261	0.4333843797856049
0.29136690647482016	0.4338179035960214
0.2918807810894142	0.43425076452599387
0.29239465570400824	0.4346829640947288
0.29239465570400824	0.43435114503816796
0.29290853031860226	0.43478260869565216
0.2934224049331963	0.43521341463414637
0.2934224049331963	0.43488194973343486
0.2934224049331963	0.4345509893455099
0.2934224049331963	0.4342205323193916
0.2934224049331963	0.4338905775075988
0.29393627954779034	0.43432042520880787
0.29393627954779034	0.4339908952959029
0.2944501541623844	0.43442001516300227
0.2944501541623844	0.4340909090909091
0.2944501541623844	0.43376230128690385
0.2944501541623844	0.43343419062027233
0.2944501541623844	0.4331065759637188
0.2944501541623844	0.43277945619335345
0.2944501541623844	0.43245283018867925
0.2944501541623844	0.4321266968325792
0.2944501541623844	0.43180105501130367
0.2944501541623844	0.4314759036144578
0.2944501541623844	0.43115124153498874
0.2944501541623844	0.43082706766917295
0.2944501541623844	0.43050338091660406
0.2944501541623844	0.43018018018018017
0.2949640287769784	0.43060765191297823
0.2949640287769784	0.4302848575712144
0.2949640287769784	0.4299625468164794
0.2949640287769784	0.4296407185628742
0.2949640287769784	0.4293193717277487
0.2949640287769784	0.4289985052316891
0.2949640287769784	0.42867811799850636
0.2954779033915725	0.4291044776119403
0.2959917780061665	0.42953020134228187
0.2965056526207605	0.42995529061102833
0.2970195272353546	0.43037974683544306
0.2970195272353546	0.43005952380952384
0.2970195272353546	0.42973977695167287
0.2970195272353546	0.4294205052005943
0.2975334018499486	0.4298440979955457
0.29804727646454265	0.43026706231454004
0.29856115107913667	0.4306893995552261
0.29907502569373073	0.4311111111111111
0.29907502569373073	0.4307920059215396
0.29907502569373073	0.43047337278106507
0.29907502569373073	0.43015521064301554
0.29958890030832475	0.43057607090103395
0.29958890030832475	0.43025830258302583
0.29958890030832475	0.4299410029498525
0.3001027749229188	0.4303610906411201
0.3006166495375128	0.43078055964653905
0.3006166495375128	0.4304635761589404
0.3011305241521069	0.4308823529411765
0.3011305241521069	0.4305657604702425
0.3011305241521069	0.4302496328928047
0.3011305241521069	0.42993396918561994
0.3011305241521069	0.42961876832844575
0.3011305241521069	0.4293040293040293
0.3011305241521069	0.4289897510980966
0.3011305241521069	0.4286759326993416
0.3016443987667009	0.42909356725146197
0.3016443987667009	0.42878013148283417
0.3016443987667009	0.42846715328467155
0.3016443987667009	0.42815463165572576
0.3016443987667009	0.42784256559766765
0.3016443987667009	0.42753095411507647
0.3016443987667009	0.4272197962154294
0.3016443987667009	0.4269090909090909
0.302158273381295	0.4273255813953488
0.302158273381295	0.42701525054466233
0.302672147995889	0.4274310595065312
0.302672147995889	0.4271211022480058
0.302672147995889	0.42681159420289855
0.302672147995889	0.4265025343953657
0.302672147995889	0.42619392185238786
0.30318602261048305	0.42660882140274764
0.30318602261048305	0.4263005780346821
0.30369989722507706	0.42671480144404333
0.30421377183967113	0.42712842712842713
0.30472764645426514	0.4275414563806777
0.3052415210688592	0.42795389048991356
0.3052415210688592	0.42764578833693306
0.3052415210688592	0.4273381294964029
0.3057553956834532	0.42774982027318476
0.3057553956834532	0.4274425287356322
0.3057553956834532	0.4271356783919598
0.3057553956834532	0.4268292682926829
0.3062692702980473	0.42724014336917565
0.3067831449126413	0.4276504297994269
0.3067831449126413	0.427344309234073
0.3067831449126413	0.4270386266094421
0.30729701952723537	0.4274481772694782
0.30729701952723537	0.42714285714285716
0.3078108941418294	0.42755174875089225
0.3078108941418294	0.427246790299572
0.3078108941418294	0.4269422665716322
0.3078108941418294	0.42663817663817666
0.3078108941418294	0.42633451957295376
0.30832476875642345	0.4267425320056899
0.30883864337101746	0.4271499644633973
0.30935251798561153	0.4275568181818182
0.30986639260020554	0.42796309439318664
0.3103802672147996	0.42836879432624114
0.3103802672147996	0.42806520198440823
0.3108941418293936	0.42847025495750707
0.3114080164439877	0.4288747346072187
0.3119218910585817	0.4292786421499293
0.3119218910585817	0.42897526501766786
0.3119218910585817	0.4286723163841808
0.31243576567317577	0.429075511644319
0.31243576567317577	0.4287729196050776
0.31243576567317577	0.4284707540521494
0.31243576567317577	0.428169014084507
0.3129496402877698	0.42857142857142855
0.31346351490236385	0.4289732770745429
0.31397738951695786	0.4293745607870696
0.31397738951695786	0.42907303370786515
0.31449126413155193	0.42947368421052634
0.31449126413155193	0.42917251051893407
0.31500513874614594	0.42957252978276106
0.31500513874614594	0.42927170868347336
0.31551901336073995	0.4296710986703989
0.316032887975334	0.43006993006993005
0.316032887975334	0.429769392033543
0.316032887975334	0.42946927374301674
0.316032887975334	0.4291695743196092
0.316032887975334	0.42887029288702927
0.31654676258992803	0.4292682926829268
0.31654676258992803	0.42896935933147634
0.31654676258992803	0.4286708420320111
0.3170606372045221	0.4290681502086231
0.3170606372045221	0.428769979152189
0.3170606372045221	0.4284722222222222
0.3170606372045221	0.42817487855655795
0.3170606372045221	0.427877947295423
0.3175745118191161	0.4282744282744283
0.3175745118191161	0.4279778393351801
0.3180883864337102	0.42837370242214534
0.3186022610483042	0.4287690179806362
0.3186022610483042	0.4284727021423635
0.31911613566289826	0.42886740331491713
0.31963001027749227	0.42926155969634233
0.32014388489208634	0.4296551724137931
0.32065775950668035	0.43004824259131635
0.3211716341212744	0.43044077134986225
0.32168550873586843	0.43083275980729524
0.32168550873586843	0.4305364511691884
0.32168550873586843	0.4302405498281787
0.3221993833504625	0.43063186813186816
0.3227132579650565	0.4310226492793411
0.3227132579650565	0.43072702331961593
0.3232271325796506	0.431117203564085
0.3237410071942446	0.4315068493150685
0.3237410071942446	0.43121149897330596
0.3237410071942446	0.43091655266757867
0.3237410071942446	0.430622009569378
0.32425488180883866	0.43101092896174864
0.32476875642343267	0.43139931740614335
0.32476875642343267	0.4311050477489768
0.32528263103802674	0.43149284253578735
0.32528263103802674	0.4311989100817439
0.32528263103802674	0.4309053778080327
0.32579650565262075	0.4312925170068027
0.32579650565262075	0.4309993201903467
0.3263103802672148	0.4313858695652174
0.32682425488180883	0.4317718940936864
0.3273381294964029	0.432157394843962
0.3273381294964029	0.43186440677966104
0.3273381294964029	0.43157181571815717
0.3273381294964029	0.4312796208530806
0.3273381294964029	0.43098782138024355
0.3273381294964029	0.4306964164976335
0.3273381294964029	0.4304054054054054
0.3273381294964029	0.43011478730587444
0.3278520041109969	0.43049932523616735
0.328365878725591	0.4308833445718139
0.328365878725591	0.4305929919137466
0.328365878725591	0.4303030303030303
0.328879753340185	0.4306864064602961
0.32939362795477906	0.43106926698049763
0.32990750256937307	0.4314516129032258
0.32990750256937307	0.43116185359301545
0.32990750256937307	0.43087248322147653
0.33042137718396714	0.4312541918175721
0.33093525179856115	0.4316353887399464
0.33093525179856115	0.4313462826523778
0.3314491264131552	0.43172690763052207
0.3314491264131552	0.431438127090301
0.3314491264131552	0.43114973262032086
0.3314491264131552	0.4308617234468938
0.3314491264131552	0.43057409879839786
0.3319630010277492	0.4309539693128753
0.3319630010277492	0.43066666666666664
0.3324768756423433	0.43104596935376416
0.3324768756423433	0.43075898801597867
0.3324768756423433	0.4304723885562209
0.3324768756423433	0.43018617021276595
0.3329907502569373	0.4305647840531561
0.3329907502569373	0.4302788844621514
0.3335046248715313	0.4306569343065693
0.3335046248715313	0.4303713527851459
0.3335046248715313	0.4300861497680583
0.3335046248715313	0.42980132450331127
0.3335046248715313	0.42951687624090007
0.3335046248715313	0.42923280423280424
0.3335046248715313	0.42894910773298084
0.3335046248715313	0.428665785997358
0.3335046248715313	0.4283828382838284
0.3335046248715313	0.42810026385224276
0.3335046248715313	0.4278180619644034
0.3335046248715313	0.427536231884058
0.3340184994861254	0.4279131007241606
0.3345323741007194	0.42828947368421055
0.3345323741007194	0.4280078895463511
0.3345323741007194	0.42772667542706966
0.3345323741007194	0.4274458305975049
0.3345323741007194	0.4271653543307087
0.33504624871531347	0.4275409836065574
0.3355601233299075	0.42791612057667106
0.3355601233299075	0.42763588736083824
0.3355601233299075	0.4273560209424084
0.33607399794450155	0.4277305428384565
0.33607399794450155	0.42745098039215684
0.33658787255909556	0.4278249510124102
0.3371017471736896	0.4281984334203655
0.3371017471736896	0.4279191128506197
0.3371017471736896	0.4276401564537158
0.3371017471736896	0.4273615635179153
0.3371017471736896	0.4270833333333333
0.3371017471736896	0.42680546519193235
0.3371017471736896	0.4265279583875163
0.3371017471736896	0.4262508122157245
0.3371017471736896	0.42597402597402595
0.3371017471736896	0.42569759896171316
0.33761562178828364	0.4260700389105058
0.33761562178828364	0.42579390797148414
0.3381294964028777	0.4261658031088083
0.3386433710174717	0.42653721682847895
0.3391572456320658	0.4269081500646831
0.3391572456320658	0.4266321913380737
0.3391572456320658	0.4263565891472868
0.3396711202466598	0.4267269205939316
0.3396711202466598	0.4264516129032258
0.34018499486125386	0.4268214055448098
0.3406988694758479	0.4271907216494845
0.3406988694758479	0.42691564713457825
0.34121274409044194	0.4272844272844273
0.34121274409044194	0.4270096463022508
0.34121274409044194	0.4267352185089974
0.34121274409044194	0.426461143224149
0.34172661870503596	0.4268292682926829
0.34172661870503596	0.42655548428479795
0.34172661870503596	0.42628205128205127
0.34172661870503596	0.4260089686098655
0.34172661870503596	0.42573623559539053
0.34172661870503596	0.4254638515674984
0.34172661870503596	0.4251918158567775
0.34172661870503596	0.4249201277955272
0.34172661870503596	0.42464878671775225
0.34172661870503596	0.42437779195915765
0.34224049331963	0.4247448979591837
0.34224049331963	0.42447418738049714
0.34224049331963	0.42420382165605097
0.34275436793422404	0.4245703373647358
0.34275436793422404	0.4243002544529262
0.34275436793422404	0.42403051493960586
0.34275436793422404	0.42376111817026685
0.34275436793422404	0.4234920634920635
0.3432682425488181	0.42385786802030456
0.3432682425488181	0.42358909321496513
0.3432682425488181	0.4233206590621039
0.3432682425488181	0.4230525649145028
0.3437821171634121	0.4234177215189873
0.3437821171634121	0.42314990512333966
0.3437821171634121	0.42288242730720604
0.3437821171634121	0.4226152874289324
0.3437821171634121	0.42234848484848486
0.3437821171634121	0.4220820189274448
0.3437821171634121	0.4218158890290038
0.3437821171634121	0.4215500945179584
0.3437821171634121	0.42128463476070527
0.3437821171634121	0.421019509125236
0.3437821171634121	0.4207547169811321
0.3437821171634121	0.42049025769956
0.3437821171634121	0.4202261306532663
0.3437821171634121	0.4199623352165725
0.3437821171634121	0.41969887076537016
0.3437821171634121	0.419435736677116
0.3437821171634121	0.4191729323308271
0.3437821171634121	0.41891045710707575
0.3437821171634121	0.418648310387985
0.3437821171634121	0.41838649155722324
0.3442959917780062	0.41875
0.3448098663926002	0.41911305434103685
0.34532374100719426	0.41947565543071164
0.3458376156217883	0.4198378041172801
0.3458376156217883	0.41957605985037405
0.3458376156217883	0.4193146417445483
0.3458376156217883	0.4190535491905355
0.3458376156217883	0.4187927815805849
0.34635149023638234	0.4191542288557214
0.34635149023638234	0.41889372280919823
0.34635149023638234	0.4186335403726708
0.34635149023638234	0.41837368094351335
0.34635149023638234	0.41811414392059554
0.34635149023638234	0.41785492870427776
0.34635149023638234	0.41759603469640644
0.34635149023638234	0.4173374613003096
0.34686536485097635	0.4176980198019802
0.34686536485097635	0.4174397031539889
0.34686536485097635	0.41718170580964153
0.3473792394655704	0.4175416924027177
0.3473792394655704	0.41728395061728396
0.3473792394655704	0.41702652683528685
0.34789311408016443	0.41738594327990136
0.34789311408016443	0.41712877387553915
0.34789311408016443	0.416871921182266
0.34789311408016443	0.4166153846153846
0.34789311408016443	0.41635916359163594
0.3484069886947585	0.4167178856791641
0.3484069886947585	0.41646191646191644
0.3489208633093525	0.41682013505217924
0.3494347379239466	0.4171779141104294
0.3499486125385406	0.4175352544451257
0.3499486125385406	0.4172794117647059
0.3499486125385406	0.41702388242498467
0.35046248715313466	0.4173806609547124
0.35046248715313466	0.41712538226299695
0.35046248715313466	0.41687041564792177
0.35046248715313466	0.4166157605375687
0.35046248715313466	0.4163614163614164
0.3509763617677287	0.4167175106772422
0.3509763617677287	0.4164634146341463
0.35149023638232274	0.41681901279707495
0.35149023638232274	0.4165651644336175
0.35200411099691675	0.4169202678027998
0.35200411099691675	0.4166666666666667
0.35200411099691675	0.41641337386018235
0.35200411099691675	0.4161603888213852
0.35200411099691675	0.4159077109896782
0.35200411099691675	0.41565533980582525
0.35251798561151076	0.41600970285021227
0.35303186022610483	0.4163636363636364
0.35303186022610483	0.4161114476075106
0.35303186022610483	0.4158595641646489
0.35303186022610483	0.41560798548094374
0.35303186022610483	0.4153567110036276
0.35303186022610483	0.4151057401812689
0.35303186022610483	0.4148550724637681
0.35303186022610483	0.41460470730235366
0.35303186022610483	0.4143546441495778
0.35303186022610483	0.4141048824593128
0.35303186022610483	0.413855421686747
0.35303186022610483	0.4136062612883805
0.35303186022610483	0.41335740072202165
0.35303186022610483	0.41310883944678295
0.35303186022610483	0.4128605769230769
0.35303186022610483	0.4126126126126126
0.35303186022610483	0.41236494597839135
0.35354573484069884	0.41271745650869823
0.35354573484069884	0.41247002398081534
0.3540596094552929	0.4128220491312163
0.3540596094552929	0.4125748502994012
0.3540596094552929	0.412327947336924
0.3540596094552929	0.41208133971291866
0.3545734840698869	0.41243275552898984
0.355087358684481	0.4127837514934289
0.355087358684481	0.41253731343283584
0.355087358684481	0.41229116945107397
0.355601233299075	0.41264162194394755
0.355601233299075	0.4123957091775924
0.35611510791366907	0.4127456819535438
0.35611510791366907	0.4125
0.35611510791366907	0.41225461035098154
0.3566289825282631	0.4126040428061831
0.3566289825282631	0.41235888294711825
0.3566289825282631	0.41211401425178146
0.3566289825282631	0.4118694362017804
0.35714285714285715	0.4122182680901542
0.35714285714285715	0.41197391819798457
0.35765673175745116	0.41232227488151657
0.35817060637204523	0.4126702190645352
0.35868448098663924	0.41301775147928993
0.35868448098663924	0.4127735068007096
0.3591983556012333	0.41312056737588654
0.3591983556012333	0.41287655050206734
0.3597122302158273	0.4132231404958678
0.3597122302158273	0.41297935103244837
0.3597122302158273	0.41273584905660377
0.3597122302158273	0.41249263406010606
0.3597122302158273	0.4122497055359246
0.3597122302158273	0.4120070629782225
0.3597122302158273	0.4117647058823529
0.3597122302158273	0.411522633744856
0.3597122302158273	0.4112808460634548
0.3597122302158273	0.41103934233705225
0.3597122302158273	0.4107981220657277
0.3597122302158273	0.41055718475073316
0.3597122302158273	0.41031652989449
0.3602261048304214	0.4106619800820152
0.3602261048304214	0.4104215456674473
0.3602261048304214	0.4101813926272674
0.3607399794450154	0.4105263157894737
0.3607399794450154	0.4102863822326125
0.3607399794450154	0.4100467289719626
0.3607399794450154	0.4098073555166375
0.36125385405960947	0.41015169194865814
0.36125385405960947	0.4099125364431487
0.36125385405960947	0.40967365967365965
0.36125385405960947	0.40943506115317413
0.36125385405960947	0.40919674039580906
0.36125385405960947	0.4089586969168121
0.36125385405960947	0.4087209302325581
0.36125385405960947	0.4084834398605462
0.3617677286742035	0.4088269454123113
0.3617677286742035	0.4085896691816599
0.3617677286742035	0.40835266821345706
0.3617677286742035	0.4081159420289855
0.3617677286742035	0.4078794901506373
0.3617677286742035	0.40764331210191085
0.3617677286742035	0.4074074074074074
0.3617677286742035	0.40717177559282824
0.3617677286742035	0.4069364161849711
0.3617677286742035	0.4067013287117273
0.3617677286742035	0.4064665127020785
0.3617677286742035	0.4062319676860935
0.3617677286742035	0.405997693194925
0.3617677286742035	0.40576368876080693
0.3617677286742035	0.4055299539170507
0.3617677286742035	0.4052964881980426
0.3617677286742035	0.4050632911392405
0.3617677286742035	0.4048303622771708
0.36228160328879755	0.4051724137931034
0.36279547790339156	0.4055140723721999
0.36279547790339156	0.4052812858783008
0.36279547790339156	0.40504876649454963
0.36279547790339156	0.4048165137614679
0.36279547790339156	0.4045845272206304
0.36279547790339156	0.4043528064146621
0.36279547790339156	0.4041213508872353
0.36279547790339156	0.40389016018306634
0.36330935251798563	0.4042309891366495
0.36330935251798563	0.404
0.36330935251798563	0.4037692747001713
0.36382322713257964	0.4041095890410959
0.36382322713257964	0.40387906446092414
0.3643371017471737	0.40421892816419613
0.3643371017471737	0.403988603988604
0.3648509763617677	0.4043280182232346
0.3648509763617677	0.4040978941377348
0.3648509763617677	0.40386803185437997
0.3648509763617677	0.40363843092666285
0.3648509763617677	0.4034090909090909
0.3648509763617677	0.4031800113571834
0.3648509763617677	0.4029511918274688
0.3653648509763618	0.4032898468519569
0.3653648509763618	0.4030612244897959
0.3653648509763618	0.4028328611898017
0.3653648509763618	0.40260475651189126
0.3653648509763618	0.40237691001697795
0.3658787255909558	0.40271493212669685
0.3658787255909558	0.4024872809496891
0.3658787255909558	0.40225988700564974
0.3658787255909558	0.4020327498588368
0.3658787255909558	0.4018058690744921
0.3658787255909558	0.4015792442188381
0.3658787255909558	0.40135287485907556
0.3658787255909558	0.40112676056338026
0.3658787255909558	0.4009009009009009
0.3658787255909558	0.4006752954417558
0.3658787255909558	0.40044994375703036
0.3658787255909558	0.40022484541877457
0.3658787255909558	0.4
0.3658787255909558	0.3997754070746771
0.3658787255909558	0.3995510662177329
0.36639260020554987	0.3998878295008413
0.36639260020554987	0.39966367713004486
0.3669064748201439	0.4
0.36742034943473795	0.40033594624860025
0.36742034943473795	0.40011191941801905
0.36742034943473795	0.39988814317673377
0.36793422404933196	0.40022358859698154
0.36793422404933196	0.4
0.368448098663926	0.40033500837520936
0.368448098663926	0.40011160714285715
0.368448098663926	0.39988845510317905
0.368448098663926	0.3996655518394649
0.368448098663926	0.39944289693593316
0.36896197327852004	0.3997772828507795
0.36896197327852004	0.39955481357818584
0.36896197327852004	0.39933259176863184
0.36896197327852004	0.3991106170094497
0.36896197327852004	0.3988888888888889
0.36896197327852004	0.39866740699611325
0.36896197327852004	0.39844617092119866
0.36896197327852004	0.3982251802551303
0.3694758478931141	0.3985587583148559
0.3699897225077081	0.3988919667590028
0.3699897225077081	0.39867109634551495
0.3699897225077081	0.3984504703929164
0.3699897225077081	0.39823008849557523
0.3699897225077081	0.39800995024875624
0.3699897225077081	0.39779005524861877
0.3699897225077081	0.39757040309221425
0.3699897225077081	0.3973509933774834
0.37050359712230213	0.39768339768339767
0.37050359712230213	0.3974641675854465
0.37050359712230213	0.3972451790633609
0.37050359712230213	0.3970264317180617
0.37050359712230213	0.3968079251513484
0.37050359712230213	0.3965896589658966
0.37050359712230213	0.3963716327652556
0.37050359712230213	0.39615384615384613
0.37050359712230213	0.39593629873695774
0.37050359712230213	0.3957189901207464
0.37050359712230213	0.3955019199122326
0.37050359712230213	0.39528508771929827
0.37050359712230213	0.39506849315068493
0.37050359712230213	0.3948521358159912
0.37050359712230213	0.3946360153256705
0.3710174717368962	0.3949671772428884
0.3710174717368962	0.39475123018042646
0.3710174717368962	0.3945355191256831
0.3710174717368962	0.3943200436919716
0.3710174717368962	0.3941048034934498
0.3710174717368962	0.3938897981451173
0.3715313463514902	0.3942202835332606
0.3715313463514902	0.39400544959128064
0.3715313463514902	0.3937908496732026
0.3715313463514902	0.3935764833968427
0.3715313463514902	0.39336235038084877
0.3715313463514902	0.3931484502446982
0.3715313463514902	0.39293478260869563
0.3715313463514902	0.39272134709397066
0.3715313463514902	0.3925081433224756
0.3715313463514902	0.3922951709169832
0.3715313463514902	0.3920824295010846
0.3715313463514902	0.39186991869918697
0.3720452209660843	0.39219934994582883
0.3720452209660843	0.3919870059556037
0.3720452209660843	0.3917748917748918
0.3725590955806783	0.39210383991346676
0.37307297019527236	0.3924324324324324
0.37307297019527236	0.39222042139384117
0.37307297019527236	0.39200863930885527
0.37307297019527236	0.3917970858067998
0.37307297019527236	0.39158576051779936
0.37307297019527236	0.3913746630727763
0.37307297019527236	0.3911637931034483
0.37358684480986637	0.3914916532040926
0.37358684480986637	0.39128094725511303
0.37358684480986637	0.3910704679935449
0.37410071942446044	0.3913978494623656
0.37410071942446044	0.3911875335840946
0.37410071942446044	0.39097744360902253
0.37410071942446044	0.3907675791733763
0.37410071942446044	0.3905579399141631
0.37410071942446044	0.3903485254691689
0.37410071942446044	0.39013933547695606
0.37410071942446044	0.3899303695768613
0.37410071942446044	0.3897216274089936
0.37410071942446044	0.3895131086142322
0.37410071942446044	0.3893048128342246
0.37410071942446044	0.3890967397113843
0.37410071942446044	0.3888888888888889
0.37410071942446044	0.38868126001067804
0.37410071942446044	0.38847385272145146
0.37410071942446044	0.38826666666666665
0.37461459403905445	0.38859275053304904
0.37461459403905445	0.38838572189664355
0.37461459403905445	0.38817891373801916
0.37461459403905445	0.3879723257051623
0.37461459403905445	0.38776595744680853
0.37461459403905445	0.3875598086124402
0.37461459403905445	0.3873538788522848
0.37461459403905445	0.3871481678173128
0.3751284686536485	0.3874734607218684
0.3751284686536485	0.38726790450928383
0.3751284686536485	0.3870625662778367
0.3751284686536485	0.3868574456809751
0.3751284686536485	0.3866525423728814
0.3751284686536485	0.3864478560084701
0.37564234326824253	0.38677248677248677
0.3761562178828366	0.3870967741935484
0.3761562178828366	0.386892177589852
0.3761562178828366	0.3866877971473851
0.3761562178828366	0.3864836325237592
0.3761562178828366	0.3862796833773087
0.3761562178828366	0.3860759493670886
0.3761562178828366	0.385872430152873
0.3761562178828366	0.3856691253951528
0.3761562178828366	0.3854660347551343
0.3761562178828366	0.38526315789473686
0.3761562178828366	0.38506049447659124
0.3761562178828366	0.38485804416403785
0.3761562178828366	0.38465580662112453
0.3761562178828366	0.38445378151260506
0.3761562178828366	0.384251968503937
0.3761562178828366	0.38405036726128017
0.3761562178828366	0.3838489774514945
0.3761562178828366	0.3836477987421384
0.3761562178828366	0.38344683080146674
0.3761562178828366	0.3832460732984293
0.3761562178828366	0.38304552590266877
0.3761562178828366	0.38284518828451886
0.3761562178828366	0.3826450601150026
0.3766700924974306	0.3829676071055381
0.3766700924974306	0.3827676240208877
0.3766700924974306	0.3825678496868476
0.3766700924974306	0.3823682837767345
0.3766700924974306	0.3821689259645464
0.3766700924974306	0.3819697759249609
0.3766700924974306	0.38177083333333334
0.3771839671120247	0.38209266007287873
0.3771839671120247	0.38189386056191466
0.3771839671120247	0.38169526781071245
0.3771839671120247	0.3814968814968815
0.3771839671120247	0.3812987012987013
0.3776978417266187	0.38161993769470404
0.3776978417266187	0.38142189932537623
0.3776978417266187	0.38122406639004147
0.37821171634121276	0.38154484188698806
0.37821171634121276	0.38134715025906735
0.37821171634121276	0.3811496633868462
0.37821171634121276	0.38095238095238093
0.37821171634121276	0.3807553026383859
0.37821171634121276	0.38055842812823165
0.37821171634121276	0.38036175710594317
0.37821171634121276	0.38016528925619836
0.37821171634121276	0.37996902426432627
0.37872559095580677	0.3802889576883385
0.37872559095580677	0.3800928313563693
0.37872559095580677	0.37989690721649483
0.37872559095580677	0.37970118495620814
0.37872559095580677	0.37950566426364574
0.37872559095580677	0.3793103448275862
0.37872559095580677	0.37911522633744854
0.37872559095580677	0.3789203084832905
0.37872559095580677	0.37872559095580677
0.37872559095580677	0.3785310734463277
0.37872559095580677	0.37833675564681724
0.37872559095580677	0.37814263724987174
0.37923946557040084	0.37846153846153846
0.37923946557040084	0.37826755509994875
0.37975334018499485	0.3785860655737705
0.3802672147995889	0.3789042498719918
0.3802672147995889	0.37871033776867963
0.3802672147995889	0.37851662404092073
0.3807810894141829	0.37883435582822084
0.3807810894141829	0.3786407766990291
0.381294964028777	0.37895812053115424
0.381294964028777	0.3787646758550281
0.381294964028777	0.37857142857142856
0.381294964028777	0.3783783783783784
0.381294964028777	0.3781855249745158
0.381294964028777	0.3779928680590932
0.381294964028777	0.37780040733197556
0.381294964028777	0.37760814249363867
0.381294964028777	0.37741607324516785
0.381294964028777	0.37722419928825623
0.381294964028777	0.37703252032520324
0.381294964028777	0.37684103605891317
0.381294964028777	0.3766497461928934
0.381294964028777	0.37645865043125315
0.381294964028777	0.3762677484787018
0.381294964028777	0.3760770400405474
0.381294964028777	0.375886524822695
0.381294964028777	0.3756962025316456
0.381294964028777	0.37550607287449395
0.381808838643371	0.3758219524532119
0.381808838643371	0.3756319514661274
0.381808838643371	0.3754421424962102
0.381808838643371	0.3752525252525252
0.381808838643371	0.3750630994447249
0.381808838643371	0.3748738647830474
0.381808838643371	0.3746848209783157
0.381808838643371	0.3744959677419355
0.381808838643371	0.3743073047858942
0.381808838643371	0.3741188318227593
0.381808838643371	0.3739305485656769
0.381808838643371	0.3737424547283702
0.381808838643371	0.37355455002513827
0.381808838643371	0.37336683417085426
0.381808838643371	0.37317930688096435
0.381808838643371	0.3729919678714859
0.381808838643371	0.3728048168590065
0.381808838643371	0.37261785356068206
0.381808838643371	0.3724310776942356
0.3823227132579651	0.3727454909819639
0.3828365878725591	0.37305958938407613
0.3828365878725591	0.37287287287287285
0.3828365878725591	0.3726863431715858
0.3828365878725591	0.3725
0.3828365878725591	0.37231384307846077
0.3828365878725591	0.37212787212787213
0.3828365878725591	0.37194208686969543
0.3828365878725591	0.3717564870259481
0.3828365878725591	0.371571072319202
0.3828365878725591	0.3713858424725823
0.38335046248715315	0.3716990533134031
0.38335046248715315	0.3715139442231076
0.38335046248715315	0.3713290194126431
0.38335046248715315	0.3711442786069652
0.38335046248715315	0.3709597215315763
0.38335046248715315	0.37077534791252487
0.38335046248715315	0.37059115747640337
0.38335046248715315	0.37040714995034757
0.38335046248715315	0.37022332506203476
0.38335046248715315	0.37003968253968256
0.38335046248715315	0.3698562221120476
0.38335046248715315	0.36967294350842417
0.38335046248715315	0.3694898464586429
0.38386433710174717	0.3698019801980198
0.38437821171634123	0.3701138050470064
0.38437821171634123	0.36993076162215627
0.38437821171634123	0.3697478991596639
0.38437821171634123	0.3695652173913043
0.38437821171634123	0.3693827160493827
0.38437821171634123	0.36920039486673245
0.38437821171634123	0.36901825357671436
0.38437821171634123	0.368836291913215
0.38437821171634123	0.36865450961064566
0.38437821171634123	0.36847290640394087
0.38437821171634123	0.3682914820285574
0.38437821171634123	0.36811023622047245
0.38437821171634123	0.367929168716183
0.38437821171634123	0.36774827925270404
0.38437821171634123	0.3675675675675676
0.38437821171634123	0.36738703339882123
0.38437821171634123	0.36720667648502703
0.38437821171634123	0.36702649656526004
0.38437821171634123	0.3668464933791074
0.38437821171634123	0.36666666666666664
0.38437821171634123	0.36648701616854484
0.38437821171634123	0.366307541625857
0.38437821171634123	0.36612824278022515
0.38437821171634123	0.3659491193737769
0.38437821171634123	0.36577017114914423
0.38437821171634123	0.3655913978494624
0.38437821171634123	0.36541279921836833
0.38437821171634123	0.365234375
0.38437821171634123	0.36505612493899464
0.38437821171634123	0.3648780487804878
0.38437821171634123	0.36470014627011216
0.38437821171634123	0.3645224171539961
0.38437821171634123	0.3643448611787628
0.38437821171634123	0.3641674780915287
0.38437821171634123	0.36399026763990266
0.38437821171634123	0.3638132295719844
0.38437821171634123	0.36363636363636365
0.38437821171634123	0.36345966958211856
0.38437821171634123	0.36328314715881493
0.38437821171634123	0.36310679611650487
0.38437821171634123	0.36293061620572536
0.38437821171634123	0.3627546071774976
0.38437821171634123	0.36257876878332523
0.38437821171634123	0.3624031007751938
0.38437821171634123	0.362227602905569
0.38437821171634123	0.36205227492739595
0.38437821171634123	0.3618771165940977
0.38437821171634123	0.3617021276595745
0.38437821171634123	0.36152730787820203
0.38437821171634123	0.36135265700483093
0.38437821171634123	0.36117817479478515
0.38437821171634123	0.361003861003861
0.38437821171634123	0.3608297153883261
0.38437821171634123	0.36065573770491804
0.38437821171634123	0.36048192771084336
0.38437821171634123	0.3603082851637765
0.38437821171634123	0.36013480982185847
0.38437821171634123	0.3599615014436959
0.38437821171634123	0.35978835978835977
0.38437821171634123	0.3596153846153846
0.38437821171634123	0.35944257568476695
0.38437821171634123	0.35926993275696445
0.38437821171634123	0.35909745559289485
0.38437821171634123	0.35892514395393477
0.38437821171634123	0.3587529976019185
0.38437821171634123	0.3585810162991371
0.38437821171634123	0.35840919980833735
0.38437821171634123	0.35823754789272033
0.38489208633093525	0.3585447582575395
0.38489208633093525	0.3583732057416268
0.38489208633093525	0.3582018173122908
0.3854059609455293	0.35850860420650094
0.3854059609455293	0.358337314859054
0.3854059609455293	0.35816618911174786
0.3854059609455293	0.35799522673031026
0.3854059609455293	0.35782442748091603
0.3854059609455293	0.35765379113018597
0.3854059609455293	0.3574833174451859
0.3854059609455293	0.35731300619342543
0.3854059609455293	0.35714285714285715
0.3854059609455293	0.3569728700618753
0.3854059609455293	0.35680304471931495
0.3859198355601233	0.3571088920589634
0.3859198355601233	0.35693916349809884
0.3859198355601233	0.3567695961995249
0.3859198355601233	0.35660018993352327
0.3859198355601233	0.3564309444708116
0.3859198355601233	0.3562618595825427
0.3859198355601233	0.3560929350403035
0.3859198355601233	0.35592417061611376
0.3859198355601233	0.35575556608242537
0.3859198355601233	0.3555871212121212
0.3859198355601233	0.35541883577851396
0.3859198355601233	0.3552507095553453
0.3859198355601233	0.3550827423167849
0.3859198355601233	0.3549149338374291
0.3859198355601233	0.3547472838923004
0.3859198355601233	0.3545797922568461
0.3859198355601233	0.3544124587069372
0.3859198355601233	0.35424528301886793
0.3859198355601233	0.3540782649693541
0.3859198355601233	0.35391140433553253
0.3859198355601233	0.35374470089495996
0.3859198355601233	0.3535781544256121
0.3859198355601233	0.35341176470588237
0.3859198355601233	0.3532455315145814
0.3859198355601233	0.3530794546309356
0.3859198355601233	0.35291353383458646
0.3859198355601233	0.35274776890558945
0.3859198355601233	0.35258215962441314
0.3859198355601233	0.35241670577193807
0.3859198355601233	0.3522514071294559
0.3859198355601233	0.35208626347866856
0.3864337101747174	0.35238987816307404
0.3869475847893114	0.35269320843091334
0.3869475847893114	0.35252808988764045
0.3869475847893114	0.3523631258773982
0.3869475847893114	0.3521983161833489
0.3869475847893114	0.3520336605890603
0.3869475847893114	0.3518691588785047
0.3869475847893114	0.3517048108360579
0.3869475847893114	0.35154061624649857
0.3869475847893114	0.351376574895007
0.3874614594039055	0.3516791044776119
0.3874614594039055	0.3515151515151515
0.3874614594039055	0.35135135135135137
0.3874614594039055	0.3511877037727061
0.3874614594039055	0.351024208566108
0.3874614594039055	0.350860865518846
0.3874614594039055	0.35069767441860467
0.3874614594039055	0.3505346350534635
0.3874614594039055	0.3503717472118959
0.3874614594039055	0.3502090106827682
0.3874614594039055	0.3500464252553389
0.3874614594039055	0.3498839907192575
0.3874614594039055	0.349721706864564
0.3874614594039055	0.34955957348168754
0.3874614594039055	0.3493975903614458
0.3874614594039055	0.349235757295044
0.3874614594039055	0.3490740740740741
0.3874614594039055	0.3489125404905137
0.3874614594039055	0.34875115633672527
0.3874614594039055	0.34858992140545536
0.3874614594039055	0.34842883548983367
0.3874614594039055	0.3482678983833718
0.3874614594039055	0.3481071098799631
0.3874614594039055	0.34794646977388094
0.3874614594039055	0.3477859778597786
0.3874614594039055	0.34762563393268786
0.3874614594039055	0.3474654377880184
0.3874614594039055	0.3473053892215569
0.3874614594039055	0.34714548802946593
0.3874614594039055	0.3469857340082835
0.3874614594039055	0.3468261269549218
0.3874614594039055	0.3466666666666667
0.3874614594039055	0.34650735294117646
0.3874614594039055	0.3463481855764814
0.3874614594039055	0.34618916437098257
0.3874614594039055	0.34603028912345113
0.3874614594039055	0.3458715596330275
0.3874614594039055	0.34571297569922055
0.3874614594039055	0.34555453712190654
0.3874614594039055	0.34539624370132843
0.3874614594039055	0.34523809523809523
0.3879753340184995	0.34553775743707094
0.3879753340184995	0.3453796889295517
0.38848920863309355	0.345679012345679
0.38848920863309355	0.34552102376599636
0.38848920863309355	0.3453631795340338
0.38900308324768756	0.345662100456621
0.38900308324768756	0.3455043359196714
0.38900308324768756	0.34534671532846717
0.38900308324768756	0.3451892384860921
0.38900308324768756	0.3450319051959891
0.38900308324768756	0.344874715261959
0.38900308324768756	0.34471766848816027
0.38900308324768756	0.3445607646791079
0.38900308324768756	0.34440400363967244
0.38900308324768756	0.3442473851750796
0.38900308324768756	0.3440909090909091
0.38900308324768756	0.34393457519309406
0.38900308324768756	0.3437783832879201
0.38900308324768756	0.3436223331820245
0.38900308324768756	0.34346642468239563
0.38900308324768756	0.34331065759637186
0.38900308324768756	0.34315503173164097
0.38900308324768756	0.34299954689623924
0.38900308324768756	0.3428442028985507
0.38900308324768756	0.34268899954730647
0.38900308324768756	0.3425339366515837
0.38900308324768756	0.34237901402080506
0.38900308324768756	0.3422242314647378
0.38900308324768756	0.342069588793493
0.38900308324768756	0.34191508581752483
0.38900308324768756	0.3417607223476298
0.38900308324768756	0.3416064981949459
0.38900308324768756	0.34145241317095176
0.38900308324768756	0.3412984670874662
0.38900308324768756	0.34114465975664715
0.38900308324768756	0.340990990990991
0.38900308324768756	0.3408374606033318
0.38900308324768756	0.3406840684068407
0.38900308324768756	0.34053081421502474
0.38900308324768756	0.3403776978417266
0.38900308324768756	0.3402247191011236
0.38900308324768756	0.34007187780772685
0.38900308324768756	0.33991917377638076
0.38900308324768756	0.3397666068222621
0.38900308324768756	0.3396141767608793
0.38900308324768756	0.33946188340807176
0.38900308324768756	0.33930972658000896
